{"cameraMode":{"drawMode":0,"name":"Shaded","section":"Shading Mode"},"sceneLighting":false,"audioPlay":false,"sceneViewState":{"showFog":true,"showMaterialUpdate":false,"showSkybox":true,"showFlares":true,"showImageEffects":false,"showParticleSystems":true,"showVisualEffectGraphs":true,"m_FxEnabled":true},"in2DMode":false,"pivot":{"x":-0.13272428512573243,"y":-0.6050240993499756,"z":0.21508026123046876},"rotation":{"x":-0.013802469708025456,"y":0.030589908361434938,"z":-0.0004227176250424236,"w":-0.9994328618049622},"size":4.633012771606445,"orthographic":false}