{"cameraMode":{"drawMode":0,"name":"Shaded","section":"Shading Mode"},"sceneLighting":false,"audioPlay":false,"sceneViewState":{"showFog":true,"showMaterialUpdate":false,"showSkybox":false,"showFlares":true,"showImageEffects":false,"showParticleSystems":true,"showVisualEffectGraphs":true,"m_FxEnabled":true},"in2DMode":false,"pivot":{"x":0.617372453212738,"y":0.6617895364761353,"z":-0.049704551696777347},"rotation":{"x":-0.030162621289491655,"y":-0.0967060849070549,"z":0.0029318525921553375,"w":-0.994847297668457},"size":1.7660253047943116,"orthographic":false}